<?xml version="1.0" encoding="UTF-8"?>
<beans xmlns = "http://www.springframework.org/schema/beans"
   xmlns:xsi = "http://www.w3.org/2001/XMLSchema-instance"
   xsi:schemaLocation = "http://www.springframework.org/schema/beans
   http://www.springframework.org/schema/beans/spring-beans-3.0.xsd">

   <bean id = "emp1" class = "com.niit.model.Employee" autowire="byType">
      <property name = "empId" value = "1234"/>
      <property name="empname" value="Rakesh Ranjan"></property>
      <property name="salary" value="7654.432"></property>
     <!--   <property name="proj" ref="p1"></property> -->
   </bean>

<bean id="p1" class="com.niit.model.Project" autowire="byType">

<property name="projId" value="4444"></property>
<property name="projName" value="Tech Leap"></property>
<!-- <property name="tech" ref="t1"/> -->
</bean>

<bean id="t1" class="com.niit.model.Technology">

<property name="TechName" value="SpringJS"></property>
<property name="Version" value="V2.4Release"></property>
</bean>


</beans>